Subject Name - General,Total Count Likely Attanable
Elementary School Math,129
Elementary School Reading,113
Elementary School Writing,107
Middle School Math,102
High School English,101
Middle School Writing,99
High School Writing,95
Elementary School English,92
Middle School Reading,92
Middle School English,82
Creative Writing,81
Phonics,72
Elementary School Science,63
Algebra,63
English Grammar and Syntax,62
Middle School Science,60
Essay Editing,56
Elementary Social Studies,48
Pre-Algebra,44
High School Reading,39
Algebra 2,38
Middle School Reading Comprehension,37
High School Biology,36
College Application Essays,35
College English,33
Middle School Social Studies,33
Pre-Calculus,31
AP English Language and Composition,31
Geometry,29
Calculus 1,28
Public Speaking,26
Trigonometry,24
Technical Writing,24
Adult Literacy,24
ESL/ELL,23
AP Biology,23
High School Science,22
Anatomy & Physiology,20
Microsoft Office,20
College and University Admissions,19
Spanish 1,19
Psychology,19
College Biology,19
Expository Writing,18
High School Chemistry,18
Basic Computer Literacy,18
High School Government,18
Study Skills And Organization,17
Conversational Spanish,17
Earth Science,16
Drawing,16
Handwriting,16
Computer Programming,15
Poetry,15
Coding,15
Executive Functioning,15
Fiction Writing,15
Grade 9 Math,14
Spanish 2,14
AP English Literature and Composition,14
SAT Math,14
Kindergarten Readiness,14
Academic Coaching,14
Microsoft Excel,13
AP Calculus AB,13
High School World History,13
Digital Media,13
Spanish 3,12
AP Chemistry,12
Statistics,12
Python,12
Grade 10 Math,12
Spanish 4,12
Medical Terminology,12
High School Physics,12
Nursing,12
Grade 11 Math,11
SAT,11
College Computer Science,11
College Chemistry,11
Calculus 2,11
College Business,11
Microsoft Word,11
Graphic Design,11
High School Level American History,11
French 1,10
Cell Biology,10
Marketing,10
Adobe Illustrator,10
AP Physics 1,10
Music Theory,10
Presentation Skills,10
AP Psychology,10
Java,10
AP US History,9
High School Computer Science,9
Organic Chemistry,9
AP U.S. Government & Politics,9
PSAT,9
Adult ESL/ELL,9
SAT Writing and Language,9
College Physics,9
Special Education,8
Pharmacology,8
AP World History,8
GED,8
AP Pre-Calculus,8
Biochemistry,8
Financial Accounting,8
ACT,8
AP Computer Science A,7
Civics,7
High School Business,7
Microbiology,7
Pathophysiology,7
Photoshop,7
Data Science,7
NCLEX,7
Cyber Security,7
SSAT- Upper Level,7
Linear Algebra,7
SSAT- Middle Level,7
College Accounting,7
AP Statistics,7
Piano,6
College Algebra,6
ACT Writing,6
ACCUPLACER,6
SQL,6
Fine arts,6
SSAT- Elementary Level,6
High School Economics,6
Neuroscience,6
Finance,6
HSPT,6
Elementary Statistics,6
ISEE- Lower Level,6
Painting,6
Relational Databases,6
AP Spanish Language & Culture,6
ISEE- Middle Level,6
College Economics,5
French 2,5
GED Math,5
ISEE- Upper Level,5
AP Calculus BC,5
ACT Reading,5
TACHS,5
PC Basic Computer Skills,5
High School Level American Literature,5
College Math,5
MCAT,5
Genetics,5
SHSAT,5
NCLEX-RN,5
Applied Mathematics,5
Differential Equations,5
Social Work,5
Macroeconomics,5
Machine Learning,5
High School Accounting,5
Mac Basic Computer Skills,5
ACT Math,5
Managerial Accounting,5
Math 1,5
Business Writing,5
ACT Science,4
ACT English,4
GED Reasoning Through Language Arts,4
AP Microeconomics,4
HTML,4
ACCUPLACER QAS,4
Web Development,4
AP European History,4
LSAT,4
College Statistics,4
Orton Gillingham,4
Ethics,4
General Chemistry 2,4
Environmental Science,4
Sculpture,4
HSPT Math,4
Conversational French,4
Sociology,4
Data Analysis,4
Guitar,4
AP Computer Science Principles,4
Artificial Intelligence (AI),4
AP Environmental Science,4
AP Research,4
Philosophy,4
JavaScript,4
Microeconomics,4
ACCUPLACER College-Level Math,4
AP Art History,4
LSAT Logical Reasoning,4
College Political Science,4
Mechanical Engineering,4
French 3,4
Information Technology,4
Web Design,4
IB Biology,3
AP Physics 2,3
GED Science,3
Anthropology,3
IB Extended Essay,3
Grade 11 Physics,3
College Level American Literature,3
Data Structures,3
Calculus 3,3
Journalism,3
EMT,3
Physics 2,3
LSAT Reading Comprehension,3
ISEE-Middle Level Mathematics Achievement,3
Math 2,3
ISEE-Upper Level Mathematics Achievement,3
ISEE-Lower Level Mathematics Achievement,3
ISEE-Middle Level Quantitative Reasoning,3
AP Human Geography,3
GED Social Studies,3
Organic Chemistry 2,3
HSPT Quantitative,3
Discrete Math,3
USMLE Step 1,3
ISEE-Upper Level Quantitative Reasoning,3
ISEE-Lower Level Quantitative Reasoning,3
LSAT Argumentative Writing,3
French 4,3
Competition Math,3
IB Business & Management,3
Business Analytics,3
High School Geography,3
Thermodynamics,3
Criminology,3
Clinical Psychology,3
Chemistry 2,3
Physical Science,3
Personal Finance,3
ISEE-Middle Level Verbal Reasoning,3
Arabic,3
PSAT Mathematics,3
Art History,3
ISEE-Lower Level Verbal Reasoning,2
Mandarin Chinese 2,2
Chess,2
AP Music Theory,2
ISEE-Upper Level Verbal Reasoning,2
AP Macroeconomics,2
HSPT Verbal,2
Life Sciences,2
Human Development,2
IB Chemistry,2
C++,2
High School Political Science,2
Analytical Chemistry,2
Business Ethics,2
ISEE-Middle Level Reading Comprehension,2
Business Statistics,2
American Sign Language,2
Grade 12 Physics,2
College World History,2
AP Physics C: Mechanics,2
Contract Law,2
PRAXIS,2
AP Comparative Government and Politics,2
ISEE-Upper Level Reading Comprehension,2
Korean,2
Electrical Engineering,2
Corporate Finance,2
HSPT Reading,2
Math 3,2
ISEE-Lower Level Reading Comprehension,2
ACCUPLACER WritePlacer ,2
HSPT Language Skills,2
Mandarin Chinese 1,2
Grade 12 Chemistry,2
Human Resources,2
Algorithms,2
Cost Accounting,2
US Constitutional History,2
Photography,2
AP Studio Art: 2-D Design,2
SIE,2
MCAT Chemical and Physical Foundations of Biological Systems,2
MCAT Biological and Biochemical Foundations of Living Systems,2
AP Studio Art: Drawing,2
College Geography,2
CPA,2
OTR,2
"MCAT Psychological, Social, and Biological Foundations of Behavior",2
Series 7,2
ACCUPLACER Writing,2
Latin 1,2
Bar Exam,2
Latin 2,2
Pathology,2
Physical Chemistry,2
Probability,2
Nutrition,2
Filmmaking,2
Theatre,2
Functions,2
Vibe Coding,2
Business Calculus,2
College Level American History,2
Biostatistics,2
Statics,2
Civil Engineering,2
Conversational Mandarin,2
Comparative Literature,2
Algebra Regents,2
Architecture,2
ChatGPT,2
Finite Mathematics,2
Kinesiology,2
Public Health,2
Management,2
Autocad,2
Software Engineering,2
Advanced Functions,2
German 1,2
Multivariable Calculus,2
Spelling Bee,2
English Language Arts Substitute,2
IB Visual Arts,2
Video Game Design,2
Insurance License,2
Cooking,2
Claude,2
Linguistics,2
"Sports, Exercise and Health Science",2
ISEE- Primary,2
Adult Health and Wellness,2
Software,2
Conversational German,2
World Literature,2
BCABA,2
Conversational Italian,2
CSS,2
Math Substitute,2
Statics and Dynamics,2
ASVAB,2
NPTE,2
Data Management,2
Critical Analysis and Reasoning Skills,2
Inorganic Chemistry,2
Neurobiology,2
CPA FAR,2
World Religions,2
Aerospace Engineering,2
Constitutional Law,2
Statistics Graduate Level,2
High School French,2
Microsoft Power BI,2
Agricultural Science,2
French Immersion,1
Portuguese,1
CLEP History of the United States II: 1865 to the Present,1
Supabase,1
IB Social and Cultural Anthropology,1
TEAS,1
Cursor,1
Lovable,1
Quantum Physics,1
Quantitative Methods,1
Tableau,1
Health Care Administration,1
Evolutionary Biology,1
Abstract Algebra,1
African-American History,1
Wordpress,1
Fluid Mechanics,1
Quantitative Reasoning,1
COMPASS,1
ACCUPLACER ESL - Reading Skills,1
Vocal Training,1
MBLEX,1
Replit,1
C,1
Clinical Psychiatry,1
Archaeology,1
Certified Reading Intervention,1
Music Recording,1
Autodesk Revit,1
Computer Game Design,1
AP Physics C: Electricity and Magnetism,1
STAAR Grades 3-8,1
Quantum Mechanics,1
Singing,1
Russian,1
PRAXIS Content Math,1
Linux,1
GRE Verbal,1
DAT Survey of the Natural Sciences,1
CPA REG,1
NREMT,1
DAT Reading Comprehension,1
CPA BEC,1
CompTIA Security+,1
FAA,1
Legal Writing,1
Rhino,1
Police Officer Exam,1
Series 66,1
Greek,1
Advertising,1
Molecular Biology,1
Sketchup,1
PRAXIS Core Reading,1
Heat Transfer,1
Logic,1
GMAT,1
COMLEX,1
GRE Analytical Writing,1
Project Management/PMP,1
Songwriting,1
Animation,1
Criminal Law,1
British History,1
Japanese,1
IB Global Politics,1
IB Physics,1
Theology,1
COMPASS Mathematics,1
DAT Perceptual Ability,1
Computer Networks,1
AP Seminar,1
DAT,1
Real Analysis,1
Robotics,1
Canadian French Language Proficiency,1
Histology,1
AFOQT,1
Minecraft,1
Foundations for College Mathematics,1
CLEP Social Sciences and History,1
Emergency Medicine,1
TEFL,1
Human Geography,1
NCLEX-PN,1
Series 65,1
Cardiology,1
C#,1
Electrical and Computer Engineering,1
Voice,1
PRAXIS Core Writing,1
Mandarin Chinese 3,1
AP Studio Art: 3-D Design,1
PANCE,1
Printmaking,1
IB Mathematics: Applications and Interpretation,1
Immunology,1
DAT Quantitative Reasoning,1
Zoology,1
Roblox,1
Science Substitute,1
British Literature,1
German 2,1
International Business,1
Astronomy,1
Biomedical Engineering,1
Entomology,1
Materials Science,1
Autodesk Maya,1
Managerial Economics,1
CLEP Introduction to Educational Psychology,1
ACCUPLACER ESL - Sentence Meaning,1
PRAXIS Art,1
European History,1
CLEP Introductory Psychology,1
NAPLEX,1
Introduction to Fiction,1
VTNE,1
Calculus and Vectors,1
Tort Law,1
Fluid Dynamics,1
Autodesk Fusion 360,1
CISSP,1
SPSS Statistic Software,1
GRE Quantitative,1
Audition Prep,1
Econometrics,1
Operating Systems,1
PSAT Reading and Writing,1
Biomechanics,1
Mathematica,1
Medieval Literature,1
Yoga,1
Mathematics for College Technology,1
Gastroenterology,1
Social Networking,1
PTCE,1
ARRT - Radiography,1
Virology,1
Supply Chain Management,1
Classics,1
Social Studies Substitute,1
Dance,1
Latin America History,1
CLEP Human Growth and Development,1
Drum,1
Audio Engineering,1
CPA AUD,1
Women's studies,1
Differential Calculus,1
CompTIA A+,1
German 4,1
Certified Medical Assistant Exam,1
Real Estate License,1
AWS Certified Cloud Practitioner,1
Viral Content Creation,1
Differential Equations (in French),1
Tagalog,1
Developmental Biology,1
Thermochemistry,1
Evidence,1
GRE,1
Complex Analysis,1
Enrichment,1
IB Computer Science,1
Visual Basic,1
IB French,1
IB History,1
FTCE,1
ReactJS,1
African History,1
Macroeconomics (in French),1
CCNA,1
IB Literature and Performance,1
Molecular Genetics,1
Drum and Percussion,1
American Council on Exercise,1
Violin,1
ACCUPLACER ESL - Listening,1
LMSW - Licensed Master Social Worker,1
IB Language A: Literature,1
Bioinformatics,1
Plant Biology,1
STAAR EOC,1
Civil and Environmental Engineering,1
FE - Civil Engineering,1
Computer Architecture,1
Medical Ethics,1
IB Philosophy,1
CLEP Natural Sciences,1
IB Mathematics: Analysis and Approaches,1
Urban Design and Development,1
CFP,1
IB Economics,1
CLEP Financial Accounting,1
Reading Comprehension (in French),1
Microeconomics (in French),1
AP Italian Language and Culture,1
R Programming,1
German 3,1
Marine Biology,1
IB Further Mathematics,1
Economics (in French),1
Linear Programming,1
Geology,1
IB Geography,1
IB Music,1
CLEP English Literature,1
IB Psychology,1
CLEP Biology,1
Ukrainian,1
HESI,1
Statics and Dynamics (in French),1
UNITY,1
Geometric Optics (in French),1
Scientific Programming ,1
Epidemiology,1
ACT Aspire,1
Series 24,1
Graduate Level Chemistry,1
ACCUPLACER ESL,1
COTA,1
Middle School Math (in French),1
Series 4,1
Cost Analysis,1
Percussion,1
ARDMS - RDMS - Breast (BR),1
CLEP Analyzing and Interpreting Literature,1
Series 53,1
Genetic Engineering,1
CLEP Introductory Sociology,1
GMAT Verbal Reasoning,1
iMovie,1
CLEP German,1
TOEFL,1
Polish,1
ICMA,1
Computer Theory,1
Bongo,1
Cosmology,1
Hindi,1
Hebrew,1
AWS Certified Developer,1
CogAT,1
Endocrinology,1
Composition,1
Viola,1
Punjabi,1
PRAXIS Core Math,1
IB Language A: Language and Literature,1
PRAXIS Speech Language Pathology ,1
Latin 4,1
CIA,1
Cryptography,1
Civil Procedure,1
Chemical and Biomolecular Engineering,1
ACCUPLACER Sentence Skills,1
Trumpet,1
Trigonometry (in French),1
PRAXIS Counseling,1
Graph Theory and Combinatorics,1
Newtonian Mechanics,1
ARRT - Breast Sonography,1
Eleven Plus Non-Verbal Reasoning,1
CLEP Principles of Management,1
Pre-Calculus (in French),1
MATLAB,1
CompTIA Network+,1
CFA - Level 2,1
Discrete Structures,1
Computer Animation,1
SolidWorks,1
Quantum Computing,1
PHP,1
CLEP Chemistry,1
Computational Problem Solving,1
World Civilization,1
Accounting (in French),1
PHR,1
PE - Mechanical - Thermal and Fluid Systems,1
Canadian History,1
Series 10,1
Florida EOC Assessment,1
PE - Mechanical - HVAC and Refrigeration,1
AWS Certification,1
Cryptocurrency,1
Turkish,1
CLEP Calculus,1
AAI,1
Non-Euclidean Geometry,1
Business Statistics (in French),1
CLEP American Literature,1
Elementary School Math (in French),1
CPCE,1
Vietnamese,1
Intellectual Property Law,1
CAHSEE English,1
FE - Mechanical Engineering,1
Hand Drums,1
CNA Certification,1
Dutch,1
Nuclear Chemistry,1
Series 63,1
Paleontology,1
Graduate Level Biology,1
Visual Basic Dot Net,1
Series 9,1
Xylophone,1
Property Law,1
Biology (in French),1
AP Spanish Literature and Culture,1
CFA - Level 3,1
Physics 12,1
Math (in French),1
COMPASS Reading,1
Electronics,1
GMAT Quantitative Reasoning,1
Business Enterprise,1
CFA - Level 1,1
CLEP Principles of Marketing,1
Ancient and Medieval Heritage,1
PRAXIS Science,1
NMLS,1
Administrative Law,1
Eleven Plus Maths,1
History of Architecture,1
Engineering Economics,1
ANCC - Family Nurse Practitioner Certification (FNP),1
Visual Studio,1
ACCUPLACER Reading,1
Bass Guitar,1
CIMA - Chartered Institute of Management Accountants,1
Health Care Policy,1
Physics 11,1
Structural Engineering,1
Quickbooks,1
CLEP French,1
Trombone,1
Martial Arts,1
Numerical Analysis,1
AP Latin,1
ANCC - Medical-Surgical Nursing Certification (MEDSURG),1
STEAM Innovation,1
Philosophical Ethics,1
PMP,1
Latin 3,1
CLEP Spanish,1
CLEP College Mathematics,1
Certified ScrumMaster,1
Chemical Engineering,1
CCNP,1
Salesforce,1
Ceramics,1
Management Information Systems,1
Beatbox,1
ARDMS - Sonography Principals and Instruments (SPI),1
ARRT - Radiation Therapy,1
FCAT 2.0,1
Chemistry (in French),1
Blender,1
MAP,1
GMAT Data Insights,1
CEH,1
API,1
ARDMS - RDMS - Obstetrics and Gynecology  (OB/GYN),1
Upright Bass,1
CLEP Principles of Macroeconomics,1
IB Environmental Systems and Societies,1
Bilingual Vietnamese/English Elementary School,1
IB Classical Languages,1
IB World Religions,1
PRAXIS Special Education,0
OAT Physics,0
Series 15  - Foreign Currency Options Exam,0
Somali,0
WPPSI,0
Euphonium,0
Puzzles and Brainteasers,0
Lindamood-Bell,0
ANCC - Pediatric Nursing Certification (PED),0
NBDE,0
NBDHE,0
CBIC,0
CST Surgical Tech Exam,0
CSCP,0
KLCP,0
PRAXIS Music,0
CCA-N,0
Series 37,0
CISM,0
CPFA,0
Logic Pro Software,0
RICA,0
Bugle,0
AVA,0
HWCCP,0
MTC,0
NES Biology Exam,0
MCSE,0
ANCC - Informatics Nursing Certification (RN),0
CTP,0
Eleven Plus Verbal Reasoning,0
CDR Exam,0
Conga Drums,0
Series 28,0
Ruby on Rails,0
Electromagnetism (in French),0
Cello,0
CLEP Western Civilization I: Ancient Near East to 1648,0
ARRT - Registered Radiologist Assistant,0
Susan Barton,0
ARRT - Sonography,0
CLEP Principles of Microeconomics,0
Industrial Engineering,0
ABCOP,0
EPPP,0
TurboCAD,0
Exam P - Probability,0
PE - Mechanical - Machine Design and Materials,0
Eleven Plus English,0
EAS,0
IBSC,0
Mandarin Chinese 4,0
SPPA,0
Home Repair,0
Series 52,0
ANCC - Pain Management Nursing Certification (PMGT),0
ARM-P,0
PE - Metallurgical and Materials,0
Special Relativity,0
ASCP Board of Certification,0
Accordion,0
Concurrency,0
Engineering Analysis,0
Series 86,0
ACA,0
Series 99,0
FRM,0
PE - Structural,0
ABONCLE,0
MPJE - Massachusetts,0
CLEP College Composition,0
BONENT,0
K12-Substitute-AdvancedCapoeira,0
Lute,0
Certified Wired for Reading,0
Google PCA,0
RD exam,0
AP French Language and Culture,0
PCNSA,0
Parallel Computing,0
AAOMS,0
Harmonica,0
MCAT Critical Analysis and Reasoning Skills,0
NASAA,0
Harp,0
Accompaniment,0
NCE,0
Hyper-V,0
ARRT - Magnetic Resonance Imaging,0
CCNA Cyber Ops,0
ARM-E,0
NCCAA,0
ABCGN,0
CIMA - Certified Investment Management Analyst,0
Series 3,0
ECAA,0
CBNC,0
AU-M,0
Oracle Certification,0
IB Film,0
Pascal,0
CWNA,0
FE - Industrial and Systems Engineering,0
AIFA,0
NSAA,0
CLEP Introduction to Business Law,0
IB Theory of Knowledge,0
Assembly language,0
Hungarian,0
Thai,0
CAHSEE,0
Electrical and Computer Engineering (in French),0
ACT with Writing,0
Exam IFM - Investment and Financial Markets,0
FINRA,0
CCE-V,0
Wilson Reading,0
IAHCSMM,0
IFMA,0
GRE Subject Test in Mathematics,0
PRAXIS Health/Physical Education,0
Distributed Computing,0
AIS,0
Series 32,0
IB Design Technology,0
IBM Certification,0
AP Chinese Language and Culture,0
RStudio,0
Series 42,0
CBCMR,0
OAR,0
OCAJP8,0
CCNA Cloud,0
ARDMS - RDMS - Fetal Echocardiography (FE),0
Series 5  - Interest Rate Options Exams,0
AAPC,0
SCAT exam,0
USMLE Step 2 CK,0
FE - Environmental Engineering,0
SOA,0
AWS Certified Solutions Architect,0
Programming VB.NET,0
RMSK,0
CISA,0
Mobile App Development,0
CLM,0
Legal Research,0
Compilers,0
ARDMS - RDMS - Pediatric Sonogrophy  (PS),0
IELTS,0
ECAA/ERB,0
CPPA,0
CCNA Data Center,0
NYSTCE,0
EIT,0
Series 56 - Proprietary Trader Qualification Exam,0
Bagpipes,0
Sharepoint,0
Physics (in French),0
Grade 12 Data Management,0
CLEP Western Civilization II: 1648 to the Present,0
CRM,0
C2,0
CCP-N,0
TAP,0
ARDMS - Registered Diagnostic Cardiac Sonographer (RDCS),0
ARDMS - RMSKS - Muscularskeletal Sonogrophy (MSKS),0
NBPME,0
ITIL v3,0
WMCP,0
ABPM,0
ARDMS - RDMS - Abdomen (AB),0
CIC,0
ABIM Exam,0
CSAP/ TCAP,0
ERB CTP,0
Inorganic Chemistry (in French),0
Ruby,0
MPJE - Michigan,0
ACiT,0
Language Arts (in French),0
Mariachi,0
Series 30,0
Biochemistry (in French),0
Astrophysics,0
Real Estate License - Pennsylvania,0
Oboe,0
California Proficiency Program (CPP),0
Biotechnology,0
Series 79,0
NFPA,0
Canadian Bar,0
Series 57,0
Series 22,0
ADAT,0
CCE-N,0
CPE,0
TypeScript,0
Canadian Accounting,0
PS Exam,0
Family Law,0
Engineering (in French),0
Series 14,0
GRE Subject Test in Physics,0
Lua,0
Organ,0
BPS,0
CCNA Service Provider,0
FACHE,0
Marimba,0
Exam PA - Predictive Analytics,0
String Theory,0
NCHEC,0
ActionScript,0
Series 72,0
Flute,0
Ecology,0
Piccolo,0
MSNCB,0
ANCC - Cardiac Vascular Nursing Certification (CV),0
MPJE - Florida,0
NCSF,0
PRAXIS English,0
PCCSA,0
ARDMS - RVT - Vascular Technologies (VT),0
French Horn,0
OAT,0
CCNA Security,0
CCENT,0
NBCE,0
CBEST,0
MOS,0
AU-S,0
ARRT - Computed Tomography,0
CSET,0
Codeverse,0
OLSAT,0
CLEP College Algebra,0
Romanian,0
CCHI,0
ARDMS - RDCS - Adult Echocardiography (AE),0
CCNA Wireless,0
Series 12  - NYSE Branch Manager,0
MPJE - South Carolina,0
JScript,0
ASHI,0
ABOMS,0
IBEW,0
CCNA Collaboration,0
PAX Exam,0
ArcGIS,0
Exam SRM - Statistics for Risk Modeling,0
Sitar,0
FSBPT,0
AOA,0
CAE,0
Asharp Dot Net,0
Exam LTAM - Long-Term Actuarial Mathematics,0
IB Language B,0
AANP,0
CGEIT,0
AEA,0
Scratch,0
WISC IV,0
Haskell,0
ABQAURP,0
ABPTS,0
Eleven Plus Exam,0
IC&RC,0
PE - Civil - Structural,0
PE - Principles and Practice of Engineering - Civil - Geotechnical,0
RPVI,0
NASBA,0
Bassoon,0
Saxophone,0
SSH,0
ARRT - Vascular Interventional Radiography,0
Exam FM - Financial Mathematics,0
PNCB,0
AP German Language and Culture,0
Series 23,0
AACN,0
ITCP,0
Substitute-AllCapoeiraLevels,0
GACE,0
ACP,0
Six Sigma,0
CCNA Industrial,0
CCNA Routing and Switching,0
VTLSC,0
CRISC,0
OAT Quantitative Reasoning ,0
ARRT - Nuclear Medicine Technology,0
FE - Chemical Engineering,0
CCP-V,0
ICVA,0
,0
Archicad,0
ANCC - Adult-Gerontology Clinical Nurse Specialist Certification (AGCNS),0
CLEP College Composition Modular,0
Series 55,0
Series 62,0
ARRT - Mammography,0
CCA-V,0
ACMT,0
IBHRE,0
Mandolin,0
Tuba,0
ANCC - Ambulatory Care Nursing Certification (AMB),0
Exam STAM - Short-Term Actuarial Mathematics,0
CompTIA,0
Medical Surgery,0
CLEP American Government,0
ARDMS - RDCS - Pediatric Echocardiography (PE),0
GDC,0
Arrangement and Composition,0
DAT - Canadian Dental Admissions Exam,0
CTRS,0
BASIC,0
ABOS,0
Rapping,0
NEHA,0
CPIM,0
Computer Science (in French),0
MCSD,0
Didgeridoo,0
GIAC,0
Steel Drums,0
ABMGG,0
ABS,0
SHRM-SCP,0
AALAS,0
ACE,0
AP Physics 2: Mechanics,0
College Advising,0
RHCSA,0
NRCME,0
CAPM,0
Series 17,0
PE - Civil - Water Resources and Environmental,0
Biostatistics (in French),0
Series 7  - General Securities Representative Exam (Stockbroker),0
EQAO,0
PE - Architectural,0
GRE Subject Test in Psychology,0
CSRM,0
Bass Clarinet,0
Finnish,0
MTEL,0
SAEE,0
ANCC - Adult-Gerontology Acute Care Nurse Practitioner Certification (AGACNP),0
CDR,0
AP Physics 1 - DUPE,0
Construction,0
PE - Electrical and Computer - Computer Engineering,0
CAIA Level II,0
Series 14A  - NYSE DMM Compliance Official Examination,0
Calculus 1 (in French),0
CLTD,0
MPJE - Texas,0
RICP,0
SHRM-CP,0
Series 6,0
AVMA,0
PTA,0
Series 51,0
ANCC - Nursing Case Management Certification (CMGT),0
ABPS,0
Perl,0
FE - Fundamentals of Engineering - Other Disciplines,0
Salesforce Admin,0
PRAXIS Elementary School,0
CELPIP,0
ANCC - Psychiatric-Mental Health Nursing Certification (PMH),0
ISSA,0
AP Japanese Language and Culture,0
SCOR-P,0
ARRT - Bone Densitometry,0
IB Language ab initio,0
PCPP,0
ANCC - Gerontological Nursing Certification (GERO),0
CLEP Precalculus,0
Linux Certification,0
GRE Verbal Reasoning,0
ASPIRE,0
CDL,0
IB Information Technology in a Global Society,0
AP Physics 2: Electricity and Magnetism,0
"PE - Electrical and Computer - Electronics, Controls, and Communications",0
PE - Environmental,0
Windows 10: Exam 70-698,0
TOPS,0
Pro Tools Software,0
ANCC - Nurse Executive Certification (NE),0
GATE/ TAG,0
NASM,0
Series 47  - Japanese Module of the General Securities Exam,0
MPJE - Georgia,0
NCTRC,0
Series 11,0
OAT Survey of Natural Sciences,0
Series 38,0
CAIA Level I,0
SOPD,0
CCI,0
Canadian Law,0
Special & General Relativity,0
ANCC - National Healthcare Disaster Certification (NHDP),0
CPC,0
OAE,0
AWS Certified SysOps Administrator,0
SSA,0
TExES™,0
SEE - Special Enrollment Exam,0
SAFe,0
Calculus 3 (in French),0
AutoCAD Mechanical,0
ARRT - Cardiac Interventional Radiography,0
Alibaba Cloud,0
Banjo,0
Electrical Engineering (in French),0
WCET,0
ChFC,0
MPJE - Louisiana,0
FE - Electrical and Computer Engineering,0
DJing,0
CLU,0
Series 26,0
Science Olympiad,0
NEIEP,0
RESNA,0
MPJE - Illinois,0
CDCA,0
NBE,0
CITP,0
Datamining,0
GRE Quantitative Reasoning,0
Cantonese,0
Organic Chemistry (in French),0
PE - Principles and Practice of Engineering - Civil - Construction,0
"ANCC - Nurse Executive, Advanced Certification (NEA)",0
ISASP - Iowa Statewide Assessment of Student Progress,0
PRAXIS Social Studies,0
NRCA,0
FOM,0
Series 31,0
ERB WrAP,0
ERB CPAA,0
OAT Reading Comprehension,0
CLEP Humanities,0
PANRE,0
USACO,0
CCDA,0
Series 44  - NYSE Arca Options Market Maker Exam,0
Quantum Theory,0
Firefighter Exam,0
PE - Electrical and Computer - Power,0
ARRT - Vascular Sonography,0
PRAXIS Spanish,0
Vectorworks,0
Conducting,0
ANCC - Nursing Professional Development Certification (NPD),0
Autodesk 3DS Max,0
Origami,0
FL Studio,0
Microsoft Dynamics 365,0
CBCCT,0
Series 27,0
Huawei ICT,0
IB Dance,0
COMPASS Writing Skills,0
PCAP,0
PRAXIS Early Childhood,0
CLS,0
MPJE,0
Contemporary Architecture,0
Ukulele,0
Magic,0
PE - Civil - Transportation,0
Series 16,0
ANCC - Psychiatric-Mental Health Nurse Practitioner (Across the Lifespan) Certification (PMHNP),0
TESOL,0
AAMA,0
FRT,0
Suzuki Method,0
Series 87,0
MPJE - Maryland,0
NBOME,0
College Math (in French),0
Bass Trombone,0
ARM,0
Electromagnetism,0
CWNP,0
USMLE Step 3,0
ACSM,0
ANCC - Adult-Gerontology Primary Care Nurse Practitioner Certification (AGPCNP),0
Series 39,0
LSW - Licensed Social Worker,0
MPJE - New York,0
Series 82,0
Mechanics (in French),0
ASTB,0
Clarinet,0
PCNSE,0
Middle School (in French),0
SE Exam,0
French Literature and Composition (in French),0
ARDMS - Registered Vascular Technologist (RVT),0
CMT,0
ACRP,0
Statistics (in French),0
MSS,0
AFSP,0
CCIE,0
Praxis Audiology,0
Fiddle,0
LinuC,0
Czech,0
CMA,0
AU-,0
Improvisation,0
NNAT,0
